INSERT INTO Dealership(DealershipId, Address, City, State, ZipCode)
VALUES
  (111,'2742 Velit Rd.','Salt Lake City','Utah','07065'),
  (112,'649-9720 Amet St.','Phoenix','Arizona','07430'),
  (113,'Ap #424-4026 Dui St.','Ogden','Utah','17109'),
  (114,'356-9612 Sed Ave','Atlanta','Georgia','32503'),
  (115,'Ap #520-7611 Semper St.', 'Austin','Texas','01752'),
  (116,'268 Suspendisse Rd.', 'Tulsa','Oklahoma','60156'),
  (117,'Ap #404-4538 Blandit Road', 'Wilmington','Delaware','50010'),
  (118,'492-2778 Ridiculus St.', 'Virginia Beach','Virginia','02176'),
  (119,'5302 Elementum, Road','Chicago','Illinois','55347'),
  (120,'978-6997 Fermentum Av.', 'Annapolis','Maryland','97402');

INSERT INTO Dealership(DealershipId, Address, City, State, ZipCode)
VALUES
  (121,'Ap #976-7757 Eu Avenue', 'Talahassee','Florida','90260'),
  (122,'Ap #350-5081 Augue Rd.', 'Dallas','Texas','08648'),
  (123,'Ap #439-1230 Dictum. St.','Burlington','Vermont','45011'),
  (124,'P.O. Box 551, 7272 Augue St.','Oklahoma City','Oklahoma','60110'),
  (125,'2541 Vitae Avenue','Nome','Alaska','94043'),
  (126,'Ap #442-582 Ridiculus Avenue','Philadelphia','Pennsylvania','02155'),
  (127,'624-628 Tincidunt Avenue','McLean','Virginia','11572'),
  (128,'Ap #556-632 Scelerisque Av.', 'Little Rock','Arkansas','32159'),
  (129,'473-1340 Vivamus St.','Montpeiler','Vermont','44203'),
  (130,'Ap #686-4811 Orci Avenue', 'Casper','Wyoming','02453');

INSERT INTO Dealership(DealershipId, Address, City, State, ZipCode)
VALUES
  (131,'Ap #753-9063 Nec St.','Boise','Idaho','46514'),
  (132,'791-1968 Luctus, Rd.','Pocatello','Idaho','30906'),
  (133,'208-3513 Mauris St.','Billings','Montana','18974'),
  (134,'Ap #437-1662 Eu Rd.','Hartford','Connecticut','21801'),
  (135,'6335 Elit. Ave','Omaha','Nebraska','33308'),
  (136,'2393 Aliquet Avenue','Savannah','Georgia','53590'),
  (137,'461-9986 Nam Rd.','Dubuque','Iowa','80911'),
  (138,'640-1144 Non Rd.','Juneau','Alaska','08723'),
  (139,'Ap #493-7579 Malesuada Rd.','Indianapolis','Indiana','50401'),
  (140,'116-7878 Sit St.','Los Angeles','California','30605');



INSERT INTO Car (CarId, CarVinId, CarManufacturer, CarModel, CarClass, CarPrice, CarBabySeat, CarSunRoof, CarAvailable, DealershipId) 
VALUES
 (1111, '4JGBF2FE2BA052616', 'Plymouth', 'Grand Voyager', 'Fullsize', 138, 'F', 'T', 'F', 134),
 (1112, '1C4PJLAB9EW821986', 'BMW', 'X6 M', 'Premium', 299, 'T', 'F', 'T', 131),
 (1113, 'WBALL5C57CJ912533', 'BMW', '645', 'Economy', 335, 'T', 'T', 'F', 128),
 (1114, '3VWJX7AJ4AM522478', 'Dodge', 'Viper', 'Compact', 664, 'T', 'F', 'F', 133),
 (1115, '1G6YV36A975494901', 'Suzuki', 'Swift', 'Luxury', 187, 'F', 'F', 'T', 136),
 (1116, '2FMDK3AC6AB196637', 'Kia', 'Sephia', 'Fullsize', 177, 'T', 'F', 'F', 130),
 (1117, 'SCFAD01A45G378838', 'Honda', 'Civic', 'Luxury', 439, 'F', 'T', 'T', 132),
 (1118, '1G6YV36A185682037', 'Mazda', 'RX-8', 'Economy', 551, 'F', 'T', 'T', 115),
 (1119, 'JH4CU2F67AC456634', 'Ferrari', 'California', 'Premium', 987, 'F', 'F', 'F', 111),
 (1120, 'WBAFU9C56CC045728', 'Lincoln', 'Town Car', 'Fullsize', 759, 'F', 'F', 'F', 112),
 (1121, 'JN1CV6FE7EM733217', 'Ford', 'F250', 'Premium', 656, 'T', 'F', 'T', 137),
 (1122, 'WAUAFAFL1AA971320', 'Volvo', '940', 'Economy', 590, 'F', 'T', 'F', 120),
 (1123, 'WAUAT48H35K473848', 'Cadillac', 'Escalade ESV', 'Economy', 296, 'F', 'T', 'F', 134),
 (1124, 'WAUJGAFD8FN862214', 'BMW', '545', 'Luxury', 299, 'F', 'F', 'F', 119),
 (1125, 'WBA3T1C54FP988303', 'Pontiac', 'GTO', 'Economy', 120, 'T', 'T', 'T', 137),
 (1126, '19XFA1F39AE089588', 'Volkswagen', 'Quantum', 'Sportscar', 891, 'F', 'F', 'F', 137),
 (1127, 'WBADX7C52DJ996685', 'Land Rover', 'Range Rover', 'Luxury', 852, 'F', 'F', 'T', 136),
 (1128, '1G6KA5EY0AU399460', 'Lexus', 'ES', 'Premium', 706, 'T', 'F', 'T', 119),
 (1129, '3VW467AT8DM616000', 'Ford', 'E250', 'Economy', 111, 'T', 'T', 'F', 117),
 (1130, '1GD02ZCG0BZ152250', 'Chrysler', 'PT Cruiser', 'Economy', 569, 'F', 'T', 'T', 120),
 (1131, 'WAU3FAFR0BA823285', 'Toyota', 'Prius', 'Luxury', 940, 'F', 'T', 'T', 120),
 (1132, 'WBALW3C58EC226228', 'Jaguar', 'S-Type', 'Economy', 979, 'F', 'F', 'F', 121),
 (1133, '1FTWW3A5XAE630534', 'Pontiac', '6000', 'Compact', 677, 'T', 'T', 'F', 121),
 (1134, '4A31K5DF6CE889501', 'GMC', 'Acadia', 'Midsize', 160, 'F', 'T', 'F', 121),
 (1135, '1GYFK16279R596083', 'Mitsubishi', 'Chariot', 'Fullsize', 845, 'T', 'F', 'F', 128),
 (1136, '1FMJK1K59AE174546', 'Morgan', 'Aero 8', 'Midsize', 792, 'F', 'T', 'F', 127),
 (1137, 'JN8CS1MU4FM855395', 'Volvo', 'S60', 'Compact', 503, 'F', 'F', 'F', 115),
 (1138, 'JH4NA21601T029319', 'Chrysler', 'Cirrus', 'Luxury', 828, 'F', 'T', 'T', 131),
 (1139, 'SCBDP3ZA9BC127473', 'Acura', 'TL', 'Sportscar', 605, 'T', 'F', 'T', 136),
 (1140, '4T1BD1FKXFU660295', 'Chrysler', 'Concorde', 'Sportscar', 900, 'F', 'T', 'F', 127),
 (1141, 'KNALW4D40F6673728', 'Chevrolet', '2500', 'Luxury', 815, 'T', 'T', 'F', 135),
 (1142, 'WAUCKAFR6AA479259', 'Chevrolet', 'Venture', 'Luxury', 753, 'T', 'T', 'T', 117),
 (1143, '3VW117AU0FM955685', 'Mazda', 'MX-5', 'Economy', 628, 'F', 'T', 'F', 137),
 (1144, 'JTDBT4K3XB1920178', 'Jaguar', 'X-Type', 'Premium', 856, 'F', 'T', 'T', 128),
 (1145, '2C3CDXJG1FH538107', 'Chevrolet', 'Aveo', 'Luxury', 698, 'F', 'F', 'F', 113),
 (1146, 'WAUDF98E75A501289', 'Ford', 'E-Series', 'Fullsize', 139, 'T', 'T', 'T', 137),
 (1147, 'KMHGH4JH2CU419527', 'Ford', 'Bronco II', 'Economy', 987, 'F', 'F', 'T', 122),
 (1148, 'WBA5B1C58FD370530', 'Mitsubishi', 'Chariot', 'Midsize', 988, 'F', 'T', 'F', 120),
 (1149, '1FTEX1CM4BK441267', 'Eagle', 'Summit', 'Midsize', 607, 'T', 'T', 'T', 125),
 (1150, '3D7TT2CT3AG835504', 'Oldsmobile', 'Alero', 'Compact', 619, 'T', 'F', 'T', 116),
 (1151, '1FTMF1CW4AF708382', 'Hyundai', 'Tiburon', 'Compact', 532, 'T', 'T', 'T', 136),
 (1152, 'WAU2MAFC8FN704086', 'GMC', 'Savana 3500', 'Compact', 441, 'F', 'T', 'F', 121),
 (1153, 'JM1NC2EF8A0204116', 'Infiniti', 'FX', 'Fullsize', 594, 'F', 'F', 'T', 138),
 (1154, 'KMHGC4DE0BU240840', 'Buick', 'LeSabre', 'Sportscar', 563, 'T', 'T', 'T', 124),
 (1155, 'JN1AZ4EH6CM987266', 'Land Rover', 'Range Rover', 'Fullsize', 537, 'T', 'T', 'T', 124),
 (1156, 'WAUXD68D32A206470', 'Dodge', 'Grand Caravan', 'Midsize', 681, 'F', 'T', 'F', 118),
 (1157, '5UXZV4C55BL347623', 'Ford', 'Taurus', 'Midsize', 105, 'F', 'F', 'F', 122),
 (1158, '3VWPG3AGXAM416592', 'Chrysler', 'Town & Country', 'Premium', 224, 'F', 'T', 'T', 118),
 (1159, 'WAULD54B52N388694', 'Dodge', 'Ram Van 2500', 'Fullsize', 981, 'F', 'F', 'F', 111),
 (1160, 'WAUDFAFL7BA552516', 'Mercedes-Benz', 'Sprinter 2500', 'Luxury', 716, 'F', 'F', 'F', 130),
 (1161, '5FPYK1F23EB776392', 'Plymouth', 'Voyager', 'Premium', 844, 'F', 'T', 'F', 127),
 (1162, '1G4HE57YX7U406833', 'Pontiac', 'Grand Prix', 'Midsize', 954, 'F', 'T', 'F', 136),
 (1163, 'WP0AA2A99DS623508', 'Dodge', 'Ram Wagon B350', 'Fullsize', 380, 'F', 'F', 'T', 139),
 (1164, '2T1BU4EE2DC475184', 'Lincoln', 'Continental Mark VII', 'Fullsize', 686, 'T', 'T', 'F', 135),
 (1165, 'KMHHT6KD9DU271436', 'Ford', 'F250', 'Midsize', 728, 'F', 'T', 'F', 122),
 (1166, 'WAUAFAFC0CN534484', 'Subaru', 'Forester', 'Sportscar', 477, 'F', 'F', 'F', 112),
 (1167, '3VW467ATXCM735875', 'Lexus', 'SC', 'Economy', 824, 'F', 'T', 'T', 131),
 (1168, '1FBSS3BL5AD233525', 'Dodge', 'Ram 3500', 'Midsize', 799, 'T', 'F', 'T', 137),
 (1169, '5FRYD3H62GB131720', 'Cadillac', 'Seville', 'Compact', 257, 'T', 'T', 'T', 139),
 (1170, '4T3BA3BBXDU982935', 'Lamborghini', 'Countach', 'Luxury', 644, 'T', 'T', 'F', 137),
 (1171, 'WBAPK5G57BN744074', 'Volkswagen', 'Golf', 'Luxury', 300, 'T', 'T', 'T', 135),
 (1172, '1G6AB1RX2F0185247', 'Chrysler', 'Town & Country', 'Premium', 901, 'F', 'F', 'T', 132),
 (1173, 'WAUVT68E84A034099', 'BMW', '325', 'Sportscar', 118, 'T', 'F', 'T', 117),
 (1174, 'TRUSC28N711376871', 'Mitsubishi', 'Pajero', 'Premium', 655, 'T', 'T', 'F', 121),
 (1175, '4JGBB9FB7AA539576', 'Pontiac', 'Grand Prix', 'Premium', 472, 'F', 'T', 'T', 138),
 (1176, 'JHMZF1C69FS784573', 'GMC', 'Safari', 'Sportscar', 562, 'T', 'F', 'T', 113),
 (1177, 'KL4CJHSB2EB148373', 'GMC', 'Vandura 3500', 'Luxury', 780, 'T', 'T', 'T', 121),
 (1178, 'WA1WGBFP5EA144340', 'Mercury', 'Sable', 'Premium', 144, 'T', 'F', 'F', 120),
 (1179, '1FTSW2B50AE783186', 'Dodge', 'Ram Van 1500', 'Luxury', 567, 'T', 'F', 'F', 126),
 (1180, 'WAU3GAFC9DN540744', 'Kia', 'Rio', 'Midsize', 239, 'F', 'T', 'T', 125),
 (1181, '3C63DPGL6CG003356', 'Acura', 'MDX', 'Luxury', 221, 'T', 'F', 'T', 138),
 (1182, 'WBAUN1C52BV459078', 'Geo', 'Tracker', 'Luxury', 787, 'F', 'F', 'F', 135),
 (1183, '1GYS4CEF8CR066804', 'Ford', 'Focus', 'Sportscar', 208, 'T', 'F', 'F', 137),
 (1184, '5UXKR6C51E0479737', 'Mercedes-Benz', 'CL-Class', 'Midsize', 950, 'F', 'F', 'F', 130),
 (1185, 'JN1AZ4EHXAM409118', 'Audi', 'Quattro', 'Premium', 581, 'F', 'T', 'F', 127),
 (1186, '1G6DK67VX80236282', 'Chevrolet', '2500', 'Economy', 131, 'T', 'T', 'T', 126),
 (1187, '1G6AG5RX1F0206338', 'Audi', 'A4', 'Compact', 714, 'T', 'T', 'F', 136),
 (1188, 'JM1GJ1T51F1062535', 'Ford', 'Crown Victoria', 'Economy', 855, 'F', 'T', 'T', 113),
 (1189, 'WAULT54B82N061922', 'Buick', 'Regal', 'Premium', 802, 'F', 'F', 'T', 121),
 (1190, 'JN8AZ2KR5ET268196', 'Toyota', 'T100', 'Economy', 352, 'T', 'T', 'T', 126),
 (1191, 'WDDEJ8GB5AA066585', 'Ford', 'Edge', 'Economy', 459, 'T', 'F', 'T', 121),
 (1192, 'JN8AE2KP8D9427153', 'Lexus', 'SC', 'Premium', 142, 'T', 'T', 'T', 123),
 (1193, 'SCFBF03B68G386478', 'Honda', 'Accord', 'Economy', 915, 'T', 'F', 'F', 129),
 (1194, 'SCBFT7ZA8FC109726', 'Mercedes-Benz', '500SL', 'Fullsize', 595, 'F', 'F', 'F', 125),
 (1195, 'WAUDH68D71A981909', 'Mazda', 'Navajo', 'Luxury', 591, 'T', 'T', 'F', 121),
 (1196, 'WAUFEAFM4CA580635', 'Citroën', '2CV', 'Economy', 279, 'F', 'F', 'F', 118),
 (1197, 'WBAYB6C5XFD082468', 'Honda', 'Civic', 'Fullsize', 162, 'T', 'F', 'F', 113),
 (1198, 'WBA3B9C53DJ922987', 'Volkswagen', 'Jetta III', 'Fullsize', 876, 'F', 'T', 'F', 139),
 (1199, '1G6AB5RX6E0293666', 'Toyota', 'Corolla', 'Economy', 219, 'F', 'T', 'T', 130),
 (1200, 'WAUHFAFL7CN784383', 'Dodge', 'Caravan', 'Compact', 667, 'F', 'T', 'T', 129),
 (1201, '5N1AN0NU7BC898174', 'Maybach', '62', 'Premium', 500, 'F', 'T', 'T', 116),
 (1202, 'JA32X2HU7BU845560', 'Chrysler', 'Voyager', 'Compact', 158, 'T', 'F', 'T', 119),
 (1203, '5N1AR1NB0BC661163', 'Chevrolet', 'G-Series G20', 'Luxury', 646, 'T', 'T', 'T', 132),
 (1204, '3C3CFFFH4DT303839', 'Plymouth', 'Neon', 'Economy', 406, 'F', 'F', 'T', 125),
 (1205, '1C3CDWEA1CD886336', 'Ford', 'E-Series', 'Fullsize', 803, 'T', 'T', 'F', 116),
 (1206, 'WAUUFAFH5BN694609', 'Honda', 'Pilot', 'Economy', 240, 'T', 'T', 'F', 111),
 (1207, '1LNHL9DR5BG539467', 'Pontiac', 'Bonneville', 'Premium', 655, 'F', 'F', 'T', 114),
 (1208, 'WBA3B5G57EN359259', 'GMC', 'Sierra 3500HD', 'Midsize', 899, 'F', 'F', 'F', 115),
 (1209, '1D7RW5GK8BS052161', 'Toyota', 'Echo', 'Sportscar', 167, 'T', 'T', 'T', 134),
 (1210, 'KNAFX5A88F5805650', 'Mitsubishi', 'Chariot', 'Economy', 822, 'T', 'F', 'T', 136),
 (1211, '5BZBF0AA4FN634373', 'Toyota', 'MR2', 'Compact', 686, 'T', 'T', 'F', 138),
 (1212, 'SCFFDCCD0BG674885', 'Ford', 'F450', 'Premium', 784, 'T', 'T', 'F', 117),
 (1213, '5FRYD3H8XFB728730', 'Mercury', 'Grand Marquis', 'Compact', 423, 'F', 'F', 'F', 111),
 (1214, 'JH4KA96521C213995', 'Buick', 'Skylark', 'Premium', 940, 'T', 'F', 'T', 124),
 (1215, '1GYS3JEF7BR127548', 'Chevrolet', 'G-Series 2500', 'Compact', 655, 'F', 'T', 'F', 114),
 (1216, 'JN1AV7AR1FM119742', 'Dodge', 'Stratus', 'Economy', 250, 'T', 'F', 'T', 131),
 (1217, '2B3CK2CV4AH586114', 'Mazda', '626', 'Sportscar', 636, 'T', 'F', 'T', 128),
 (1218, '1FTKR1AD8AP513136', 'Buick', 'Electra', 'Compact', 543, 'F', 'T', 'F', 122),
 (1219, '1GKS1AE04ER570272', 'Chevrolet', 'Blazer', 'Compact', 272, 'F', 'T', 'F', 130),
 (1220, 'ZHWGU5BZ4DL276169', 'Kia', 'Spectra', 'Fullsize', 321, 'F', 'F', 'T', 131);
 


INSERT INTO Customer(CustomerId, FirstName, LastName, DateOfBirth, Address, PhoneNumber, DriversLicenseId, InsuranceCarrier, Username, Password, ZipCode, State, Email)
VALUES
  (1111,'Carly','Moran','1963-12-12','4118 Justo Ave','236-710-5419','V54658018','Allstate','Duis','CTR514','94695','AR','iaculis.quis.pede@aol.org'),
  (1112,'Xaviera','Peterson','1955-08-09','P.O. Box 591, 1305 Eleifend Avenue','557-370-3878','Q47740911','Allstate','nec','RJW764','40947','CA','nunc.ac.mattis@google.net'),
  (1113,'Matthew','Leach','1964-12-17','P.O. Box 741, 1563 Fringilla Av.','144-647-5739','O91913686','State Farm','semper','MMJ121','63130','TN','sollicitudin@yahoo.net'),
  (1114,'Moses','Snyder','1961-08-01','9503 Vulputate St.','482-656-5341','E41158754','State Farm','gravida','BXZ733','20613','DE','tellus.phasellus.elit@protonmail.org'),
  (1115,'Orla','Wallace','1973-07-29','Ap #585-5282 Dictum Ave','275-782-4216','k33251981','Farmers','ultrices.','BEG622','62033','LA','in.faucibus@outlook.com'),
  (1116,'Isaac','Dalton','1982-10-10','860-6557 Amet Rd.','468-180-6798','x48257268','Farmers','sociis','GJK800','30972','AK','elementum.dui.quis@protonmail.couk'),
  (1117,'Bo','Branch','1988-12-24','153-4246 Consequat Rd.','681-721-1824','L99286396','Progressive','eu','XEK853','75128','AZ','id.nunc@aol.ca'),
  (1118,'Brenden','Hull','1975-11-10','363-8196 Tellus St.','191-328-7260','u79268377','Progressive','ligula.','XFH315','49487','GA','nam.ligula@icloud.couk'),
  (1119,'Kelsey','Blair','1947-11-08','380-5434 Fusce St.','769-812-1043','K27463365','General','rhoncus.','TGP370','79664','VT','mauris@protonmail.net'),
  (1120,'Ezekiel','Juarez','1938-10-06','P.O. Box 612, 7283 Quis, Road','717-816-1225','B90493162','General','in','RYO275','20740','FL','turpis.egestas@aol.couk'),
  (1121,'Imelda','Serrano','1949-12-28','P.O. Box 353, 5526 Convallis Rd.','415-125-6648','Z87586255','Allstate','est','EZD312','18375','WA','felis.adipiscing@yahoo.couk'),
  (1122,'Dillon','Clarke','1960-03-03','Ap #136-1998 Enim. Street','444-856-3643','P73203782','Allstate','purus.','MDU995','52072','NV','hendrerit@hotmail.ca'),
  (1123,'Ulysses','Kirk','1966-01-19','Ap #116-7119 Nisi Rd.','715-180-3574','B86730528','State Farm','a','BYQ339','99635','KY','quis@aol.ca'),
  (1124,'Shoshana','Lyons','1943-02-28','Ap #270-9414 Quam Street','424-752-4140','w66012616','State Farm','eleifend,','PKB803','66662','WY','nullam.suscipit@hotmail.com'),
  (1125,'Karleigh','Wheeler','1984-07-23','564-1523 Dictum. St.','516-259-1716','n44232311','Farmers','massa.','FBV588','56745','ID','nunc.ac@hotmail.org'),
  (1126,'Maile','Walker','1971-08-27','934-8855 Quisque St.','052-783-1035','L67177672','Farmers','orci.','UDO668','43841','VT','ullamcorper.nisl@google.net'),
  (1127,'Yoshio','Sexton','1993-01-22','Ap #411-9374 Ut, Ave','070-479-5461','I18851625','Progressive','Curabitur','CMQ377','29882','FL','nulla.interdum@protonmail.edu'),
  (1128,'Evelyn','Holland','1940-10-31','Ap #855-1220 Nec Av.','423-076-7626','O71355042','Progressive','sed','SBO788','88440','AR','nulla.semper.tellus@google.edu'),
  (1129,'Marshall','Chaney','1944-02-01','P.O. Box 680, 8099 Phasellus Rd.','162-478-2153','I84345895','General','ultrices','DST352','80439','CO','augue.malesuada.malesuada@aol.com'),
  (1130,'Upton','Dodson','1996-01-13','886-3942 Dolor, Ave','533-367-7754','q69420606','General','velit.','QHA868','48716','NV','integer.eu.lacus@aol.edu'),
  (1131,'Jaquelyn','Leon','1999-04-07','8358 Consectetuer Rd.','722-436-5274','r14207481','Allstate','facilisis','ZOS071','48059','CO','etiam.bibendum@aol.edu'),
  (1132,'Fallon','French','1978-08-17','445-932 Pellentesque Ave','151-358-6688','P75563816','Allstate','ultricies','ZMJ232','23142','PA','libero.morbi.accumsan@icloud.net'),
  (1133,'Hayfa','Rosales','1985-09-25','Ap #563-6484 Odio St.','326-892-9821','f03255541','State Farm','orci,','QMV223','88427','WI','lacus.quisque@hotmail.couk'),
  (1134,'Hedda','Rodgers','1974-10-04','P.O. Box 309, 1313 Aliquam St.','448-212-5757','J90001137','State Farm','Etiam','MCN103','71978','VA','dictum.eleifend@protonmail.couk'),
  (1135,'Jordan','Whitaker','1976-11-13','743-2752 Facilisis St.','232-815-1725','B01771142','Farmers','egestas','XNV695','74046','KY','blandit@protonmail.com'),
  (1136,'Veda','Snider','1992-07-28','4747 Nunc Rd.','045-814-7249','R17165864','Farmers','nunc','FON264','41172','HI','congue@yahoo.com'),
  (1137,'Julian','Lang','1999-12-12','789-2625 Semper. Rd.','964-524-8002','C22478351','Progressive','tristique','IYJ048','45227','ME','accumsan.convallis.ante@icloud.edu'),
  (1138,'Stephanie','Lewis','1987-04-13','561-6933 Magna. Street','681-228-0753','O33434301','Progressive','felis.','CLU132','76827','CA','magnis@outlook.ca'),
  (1139,'Jenette','Wooten','1970-06-21','681-3405 Luctus. Avenue','148-757-6472','R81718812','General','dictum','MSX154','37345','MO','neque.et.nunc@icloud.ca'),
  (1140,'Edan','Barrera','1991-01-11','Ap #372-2830 Eleifend, Ave','535-629-5868','k36172463','General','at','GGS178','92485','GA','suspendisse@icloud.net'),
  (1141,'Wylie','Phillips','1952-02-21','Ap #763-9183 Ultricies Rd.','661-087-3117','g88127527','Allstate','velit','NBO342','36222','AZ','tempus.eu.ligula@outlook.net'),
  (1142,'Paul','Quinn','1978-02-12','P.O. Box 486, 1188 Nibh. Road','161-618-4630','Z73750756','Allstate','sit','YEM312','51851','IL','netus.et@outlook.couk'),
  (1143,'Haley','Alvarado','1991-06-02','993-5184 Dictum. Ave','250-953-6842','w87687267','State Farm','Nulla','FIN334','67542','VA','ornare.lectus@protonmail.com'),
  (1144,'Sheila','Faulkner','1939-05-18','Ap #995-2665 Egestas Rd.','548-551-3066','E42896541','State Farm','ac','PKD502','61878','IA','amet@protonmail.edu'),
  (1145,'Brennan','Brown','1993-10-17','P.O. Box 669, 7290 Cursus Street','476-516-5935','J25491299','Farmers','Integer','FFT523','82744','PA','tincidunt@outlook.org'),
  (1146,'George','Barlow','1943-10-08','Ap #377-7589 Fringilla Street','634-631-8780','h56284424','Farmers','elit,','CRY901','22558','VT','vitae@protonmail.com'),
  (1147,'Raven','Avila','1964-11-14','Ap #700-6170 Neque. St.','724-879-4679','L34820421','Progressive','convallis,','RQL117','56804','AL','curabitur@yahoo.net'),
  (1148,'Davis','Combs','1950-12-30','Ap #916-9249 Fusce Road','858-741-5814','d41650123','Progressive','natoque','FSA838','99758','VT','dictum.cursus@hotmail.org'),
  (1149,'Coby','Boone','1981-11-28','574-205 Adipiscing Av.','837-529-7144','j67484380','General','lectus,','MLG158','67767','MO','non@outlook.org'),
  (1150,'Paki','Carter','1997-12-26','Ap #353-2336 Sed Av.','484-219-1543','r57176657','General','Cras','ETK450','59523','MA','turpis.vitae@protonmail.net'),
  (1151,'Salvador','Tanner','1998-11-30','Ap #977-9790 Accumsan Rd.','296-242-3953','f32431644','Allstate','sapien.','KHI612','72342','CO','donec.porttitor@hotmail.ca'),
  (1152,'Kirestin','Hopper','1979-10-15','Ap #684-2081 Dapibus St.','474-663-4881','A98859136','Allstate','ligula','ZMN307','51065','WI','fringilla.purus.mauris@yahoo.ca'),
  (1153,'Risa','Schroeder','1941-09-02','Ap #225-5987 Lobortis Road','349-344-1538','R73529872','State Farm','Morbi','SOO042','71457','AL','venenatis.vel@aol.org'),
  (1154,'Levi','Meyer','1998-08-01','918-3749 Nisl. Road','034-717-3484','b03834352','State Farm','in','DIT854','82480','LA','fringilla@yahoo.org'),
  (1155,'Blake','Christian','1978-07-23','P.O. Box 556, 6243 Consequat Street','482-243-7718','Q52307699','Farmers','nibh','BBP213','26094','GA','sit.amet@yahoo.couk'),
  (1156,'Solomon','Tyler','1976-06-04','P.O. Box 239, 9879 Erat St.','562-374-6470','c67778060','Farmers','tempus','UEJ716','77692','AL','id.erat@icloud.couk'),
  (1157,'Elmo','Mullen','1957-05-02','Ap #540-3643 Sit Rd.','905-272-8217','C51517413','Progressive','placerat','GKR467','96578','PA','ipsum.cursus.vestibulum@protonmail.edu'),
  (1158,'Carol','Nichols','1955-01-03','4882 Urna Av.','684-471-8163','K08702454','Progressive','cursus,','ROZ287','29252','TN','est.ac.facilisis@yahoo.org'),
  (1159,'Daniel','Stephens','1949-11-13','531-1366 Semper Street','795-285-3744','D81782704','General','a','XXA927','47051','MO','mollis.phasellus@protonmail.com'),
  (1160,'Quyn','Hooper','1978-12-01','591-5186 Lectus Road','538-222-7066','i49039908','General','Nulla','KHI828','46673','ME','ipsum.suspendisse@outlook.ca');
INSERT INTO Customer(CustomerId, FirstName, LastName, DateOfBirth, Address, PhoneNumber, DriversLicenseId, InsuranceCarrier, Username, Password, ZipCode, State, Email)
VALUES
  (1161,'Jerry','Lyons','1959-12-16','3044 Commodo Street','306-828-3841','f57349681','Allstate','vitae','WIR702','71576','MA','augue.ut@protonmail.net'),
  (1162,'Ira','Evans','1975-12-10','Ap #540-1109 Justo Ave','837-284-1155','I03615686','Allstate','et','FFD091','86363','HI','duis.elementum@icloud.couk'),
  (1163,'Aquila','Carney','1985-11-22','Ap #487-3511 Ligula Road','136-490-0559','t07762426','State Farm','molestie','QGN321','84280','WY','arcu.eu.odio@protonmail.couk'),
  (1164,'Fulton','Landry','1946-11-12','714-3439 Fermentum Rd.','036-660-1157','u40102358','State Farm','lorem,','SUH812','66333','MI','amet@hotmail.com'),
  (1165,'Iris','Soto','1945-09-21','Ap #873-1021 Faucibus Ave','051-821-3645','n40377824','Farmers','sit','SBQ391','69740','IA','non.sollicitudin@aol.edu'),
  (1166,'Lana','Tucker','1977-06-08','1228 Ante, Av.','621-268-8294','H05153539','Farmers','hendrerit','XKA755','42785','LA','lacus.pede@google.couk'),
  (1167,'Fritz','Gregory','1952-12-01','980-7741 Sem Rd.','239-744-1637','R94007771','Progressive','libero','VMG183','75633','IL','mauris.suspendisse.aliquet@hotmail.edu'),
  (1168,'Joy','Harper','1993-03-21','190-7370 Erat St.','606-255-5631','N07296738','Progressive','lacinia.','WBU372','84245','TX','ullamcorper@outlook.org'),
  (1169,'Felicia','Mayer','1945-09-01','P.O. Box 479, 1028 Facilisis St.','978-321-3974','A85244268','General','vehicula','QIT736','24607','OK','augue.ut.lacus@google.couk'),
  (1170,'Wade','Phillips','1940-09-09','Ap #982-3218 Cum St.','413-503-6436','s74350213','General','augue','QGQ560','86351','MI','id.nunc@yahoo.ca'),
  (1171,'Herman','Marshall','1975-05-20','687-7997 Etiam Ave','233-095-4323','b52457632','Allstate','erat','IQR347','41534','TN','lacus@aol.ca'),
  (1172,'Denise','Avery','1996-02-28','P.O. Box 561, 6680 Aliquam Road','213-287-4728','a58982022','Allstate','ultrices.','NJF107','30111','OH','laoreet.ipsum@google.edu'),
  (1173,'Adrian','Giles','1999-05-30','599-8130 Enim. Road','273-474-7118','n64114148','State Farm','vitae','HYN130','73873','MS','in.nec@icloud.net'),
  (1174,'Garrett','Olsen','1997-05-24','846-7526 Nunc St.','258-878-5617','k98332871','State Farm','Integer','MGM783','72224','WI','nullam.vitae@protonmail.couk'),
  (1175,'Camille','Edwards','1977-06-19','P.O. Box 322, 6297 Ante, Street','463-572-1952','c17398181','Farmers','cursus','KMF715','66660','MI','sit.amet.consectetuer@protonmail.ca'),
  (1176,'Branden','Sharpe','1977-12-29','Ap #215-615 Dignissim Rd.','222-753-3738','z42452260','Farmers','Suspendisse','BHL546','76934','MT','non.cursus.non@google.net'),
  (1177,'Abraham','Bailey','1994-11-18','569-2556 Consequat Rd.','616-604-6624','K38349889','Progressive','tristique','WIZ754','61758','VT','quisque.fringilla@outlook.org'),
  (1178,'Branden','Warren','1978-11-14','843-6881 Nec, Rd.','721-321-2562','i61258762','Progressive','aliquet','HAW806','36128','TX','nulla.integer@google.net'),
  (1179,'Hiram','York','1958-07-03','757-6962 Eu Avenue','266-411-6485','m17242854','General','risus','NFI665','24235','UT','justo.sit@hotmail.org'),
  (1180,'Lucian','Vaughan','1990-06-20','824-7069 Hendrerit St.','991-554-4973','t79017405','General','non','NYN566','27442','MS','vivamus.rhoncus@yahoo.ca'),
  (1181,'Leilani','Leblanc','1950-03-14','783-7361 Purus Street','748-344-4057','W67421518','Allstate','convallis','SFT543','58770','LA','duis.dignissim@outlook.com'),
  (1182,'Shannon','Byrd','1938-03-03','Ap #814-3573 Purus Avenue','106-438-0321','W28757415','Allstate','non','LCB620','95764','WI','sociis.natoque@protonmail.couk'),
  (1183,'Shelley','Cruz','1953-06-20','P.O. Box 808, 7125 Blandit Av.','469-434-5583','j67303125','State Farm','tempor','KTH592','82323','AR','velit.aliquam.nisl@hotmail.ca'),
  (1184,'Eric','Morgan','1982-05-19','Ap #841-9290 Nam Rd.','755-535-2524','l83227533','State Farm','ante,','MHF388','77267','IL','ipsum.non.arcu@google.edu'),
  (1185,'Indigo','Sampson','1980-12-23','Ap #254-6946 Velit Road','873-078-4668','i28910474','Farmers','non','NPO228','72777','OH','mollis.dui@yahoo.couk'),
  (1186,'Desiree','Walsh','1999-11-19','2198 Sit Av.','484-524-1551','J13513876','Farmers','neque','PHS893','87205','HI','id@aol.net'),
  (1187,'Octavia','Patterson','1955-04-27','P.O. Box 209, 4138 Sem St.','311-159-8828','j32431767','Progressive','Vivamus','NZB815','53891','CT','quisque.imperdiet.erat@icloud.ca'),
  (1188,'Daphne','Mccray','1984-12-01','Ap #785-9413 Augue, Rd.','052-105-1807','I23839261','Progressive','eleifend','XPT627','32466','CT','facilisis.suspendisse.commodo@icloud.org'),
  (1189,'Nyssa','Jenkins','1968-11-29','1391 Luctus Av.','183-538-8816','I42632612','General','tellus','TIV511','86114','IA','orci.tincidunt.adipiscing@outlook.com'),
  (1190,'Thomas','Lester','1964-05-31','6000 Phasellus Avenue','055-394-7231','L25009451','General','posuere','YJN916','26500','PA','sodales.mauris@aol.edu'),
  (1191,'Donovan','Garza','1956-05-04','P.O. Box 698, 1289 Auctor Road','842-828-0189','o97825446','Allstate','gravida.','OXQ332','23488','MA','cubilia.curae.donec@google.couk'),
  (1192,'Flynn','Clarke','1993-03-20','6331 Diam Rd.','448-146-8670','x40657936','Allstate','consectetuer','CLS443','52548','VT','ipsum@icloud.net'),
  (1193,'Dawn','Berg','1951-11-18','5650 Rutrum Rd.','770-244-4381','N72175998','State Farm','luctus','LXN638','33288','AZ','lorem.eget@aol.edu'),
  (1194,'Charissa','Beard','1996-12-25','Ap #355-9764 Adipiscing St.','541-961-0467','e62783732','State Farm','sapien.','CMG433','89179','MO','consectetuer.adipiscing@google.couk'),
  (1195,'Rebecca','Workman','1971-06-20','P.O. Box 318, 6016 Leo Av.','244-024-9254','x59366630','Farmers','ullamcorper,','JYN181','41225','DE','mi@icloud.org'),
  (1196,'Lucas','Goff','1942-12-30','P.O. Box 835, 7006 Dolor Av.','752-275-6345','y34834774','Farmers','vel','FRH491','76894','IA','ornare.lectus@hotmail.net'),
  (1197,'Ori','Garcia','1945-11-09','425 Pede Avenue','181-686-0947','O20744663','Progressive','odio.','PKY284','55522','VT','malesuada.vel@aol.couk'),
  (1198,'Hamish','Oconnor','1985-01-20','235-5151 Feugiat Ave','408-738-6849','s35075856','Progressive','porttitor','KPP784','84056','MN','mauris@outlook.com'),
  (1199,'Larissa','Evans','1989-02-08','P.O. Box 413, 707 Cursus Av.','806-593-7727','x74846221','General','enim','QWO064','99893','WI','consectetuer.ipsum@outlook.ca'),
  (1200,'Leonard','Baxter','1998-02-01','2994 Rutrum St.','122-964-4175','U42517265','General','montes,','JZE439','93449','GA','massa@icloud.couk'),
  (1201,'Teagan','Sears','1996-02-28','P.O. Box 594, 6258 Conubia Rd.','174-480-5805','k25078815','Allstate','sit','YMY810','62557','MI','vel.vulputate@outlook.ca'),
  (1202,'Keefe','Duffy','2000-03-18','873-6480 Neque Road','136-274-7799','X16352782','Allstate','Aliquam','LNR698','86838','WI','laoreet.lectus@outlook.ca'),
  (1203,'Lesley','Shields','1965-04-28','P.O. Box 336, 6962 Habitant Rd.','062-234-9317','D44144450','State Farm','at,','YKX872','17245','IL','augue.ut@outlook.com'),
  (1204,'Carolyn','Summers','1946-05-05','Ap #193-2882 Sit Avenue','648-973-9036','J38758985','State Farm','quis,','JRE143','44696','LA','vehicula.et.rutrum@aol.edu'),
  (1205,'Dolan','Miles','1954-06-06','8530 Habitant St.','137-614-4107','Q39523366','Farmers','nisi','HQT842','73058','FL','et.malesuada@yahoo.couk'),
  (1206,'Channing','Dickerson','1945-07-21','3987 Non, St.','237-824-2746','L83845586','Farmers','Nullam','KOE068','53236','ID','a.purus@outlook.net'),
  (1207,'Moses','Gilliam','1989-08-21','P.O. Box 746, 2970 Ante St.','419-489-2821','R35605501','Progressive','malesuada','QNQ221','68543','KY','taciti@icloud.edu'),
  (1208,'Justina','Villarreal','1966-09-29','751-8923 A Street','768-208-3272','W13653856','Progressive','diam','SLK168','31305','LA','gravida.praesent@yahoo.net'),
  (1209,'Winter','Maynard','1964-10-24','636-5663 Scelerisque Rd.','461-484-5746','E65216028','General','eu,','XPW647','51180','IN','cras.sed.leo@yahoo.net'),
  (1210,'Jeanette','Wallace','1971-11-10','Ap #133-7050 Mi Street','625-716-9135','U15444355','General','eros','IGE172','34830','MN','dictum.eu@outlook.edu');

INSERT INTO Reservation(ReservationId, ReservationDate, DaysReserved, ReturnToOrigin, StartDate, EndDate, CustomerId, CarId)
VALUES
  (1111,'2021-12-29',5,'true','2022-11-03','2022-11-08',1201,1111),
  (1112,'2021-12-14',3,'true','2022-03-01','2022-03-04',1153,1112),
  (1113,'2021-05-11',2,'true','2022-04-16','2022-04-18',1175,1113),
  (1114,'2021-08-06',2,'true','2022-10-14','2022-10-16',1158,1114),
  (1115,'2021-05-13',4,'true','2022-08-12','2022-08-16',1181,1115),
  (1116,'2021-04-16',20,'true','2022-03-06','2022-03-26',1166,1116),
  (1117,'2021-01-13',9,'true','2022-11-09','2022-11-18',1180,1117),
  (1118,'2021-10-24',8,'true','2022-11-06','2022-11-14',1194,1118),
  (1119,'2021-11-09',11,'true','2022-04-18','2022-04-29',1201,1119),
  (1120,'2021-11-07',6,'true','2022-08-24','2022-08-30',1135,1120);
INSERT INTO Reservation(ReservationId, ReservationDate, DaysReserved, ReturnToOrigin, StartDate, EndDate, CustomerId, CarId)
VALUES
  (1121,'2021-12-01',6,'true','2022-01-16','2022-01-22',1151,1121),
  (1122,'2021-08-27',4,'true','2022-12-07','2022-12-11',1118,1122),
  (1123,'2021-08-14',7,'true','2022-11-08','2022-11-15',1166,1123),
  (1124,'2021-07-11',5,'true','2022-10-09','2022-10-14',1189,1124),
  (1125,'2021-01-14',2,'true','2022-01-18','2022-01-20',1203,1125),
  (1126,'2021-05-02',3,'true','2022-09-27','2022-09-30',1170,1126),
  (1127,'2021-02-07',27,'true','2022-11-02','2022-11-29',1173,1127),
  (1128,'2021-07-15',18,'true','2022-01-11','2022-01-29',1178,1128),
  (1129,'2021-04-02',5,'true','2022-08-25','2022-08-30',1162,1129),
  (1130,'2021-07-13',11,'true','2022-06-13','2022-06-24',1186,1130);
INSERT INTO Reservation(ReservationId, ReservationDate, DaysReserved, ReturnToOrigin, StartDate, EndDate, CustomerId, CarId)
VALUES
  (1131,'2021-03-14',9,'true','2022-10-13','2022-10-22',1158,1131),
  (1132,'2021-01-18',7,'true','2022-10-16','2022-10-23',1163,1132),
  (1133,'2021-10-18',7,'true','2022-08-13','2022-08-20',1117,1133),
  (1134,'2021-11-09',3,'true','2022-12-19','2022-12-22',1204,1134),
  (1135,'2021-08-06',23,'true','2022-05-04','2022-05-27',1183,1135),
  (1136,'2021-04-26',17,'true','2022-05-11','2022-05-28',1210,1136),
  (1137,'2021-06-09',11,'true','2022-11-09','2022-11-20',1153,1137),
  (1138,'2021-03-22',15,'true','2022-03-02','2022-03-17',1186,1138),
  (1139,'2021-10-05',14,'true','2022-09-05','2022-09-19',1124,1139),
  (1140,'2021-10-10',4,'true','2022-06-13','2022-06-17',1160,1140);
INSERT INTO Reservation(ReservationId, ReservationDate, DaysReserved, ReturnToOrigin, StartDate, EndDate, CustomerId, CarId)
VALUES
  (1141,'2021-07-13',15,'true','2022-10-01','2022-10-16',1133,1141),
  (1142,'2021-01-29',1,'true','2022-06-23','2022-06-24',1155,1142),
  (1143,'2021-07-06',19,'true','2022-09-06','2022-09-25',1147,1143),
  (1144,'2021-01-29',4,'true','2022-07-19','2022-07-23',1182,1144),
  (1145,'2021-05-18',4,'true','2022-11-21','2022-11-25',1189,1145),
  (1146,'2021-02-19',9,'true','2022-12-20','2022-12-29',1159,1146),
  (1147,'2021-10-21',18,'true','2022-08-02','2022-08-20',1118,1147),
  (1148,'2021-06-03',1,'true','2022-07-16','2022-07-17',1148,1148),
  (1149,'2022-08-23',8,'true','2022-04-07','2022-04-15',1141,1149),
  (1150,'2021-08-06',8,'true','2022-11-19','2022-11-27',1152,1150);
INSERT INTO Reservation(ReservationId, ReservationDate, DaysReserved, ReturnToOrigin, StartDate, EndDate, CustomerId, CarId)
VALUES
  (1151,'2021-05-10',3,'true','2022-06-09','2022-06-12',1127,1151),
  (1152,'2021-09-17',6,'true','2022-01-16','2022-01-22',1153,1152),
  (1153,'2021-02-10',1,'true','2022-03-21','2022-03-22',1135,1153),
  (1154,'2021-10-23',3,'true','2022-07-20','2022-07-23',1188,1154),
  (1155,'2021-10-17',6,'true','2022-08-22','2022-08-28',1114,1155),
  (1156,'2021-11-17',23,'true','2022-09-04','2022-09-27',1190,1156),
  (1157,'2021-01-08',3,'true','2022-10-06','2022-10-09',1201,1157),
  (1158,'2021-01-17',26,'true','2022-11-01','2022-11-27',1117,1158),
  (1159,'2022-04-30',2,'true','2022-12-06','2022-12-08',1136,1159),
  (1160,'2021-02-11',5,'true','2022-03-22','2022-03-27',1201,1160);
INSERT INTO Reservation(ReservationId, ReservationDate, DaysReserved, ReturnToOrigin, StartDate, EndDate, CustomerId, CarId)
VALUES
  (1161,'2021-01-17',13,'true','2022-10-03','2022-10-16',1134,1161),
  (1162,'2021-12-27',1,'true','2022-11-18','2022-11-19',1200,1162),
  (1163,'2021-11-18',1,'true','2022-11-13','2022-11-14',1161,1163),
  (1164,'2021-09-06',9,'true','2022-04-11','2022-04-20',1130,1164),
  (1165,'2021-03-12',6,'true','2022-02-20','2022-02-26',1149,1165),
  (1166,'2021-04-05',10,'true','2022-12-20','2022-12-30',1203,1166),
  (1167,'2021-03-12',9,'true','2022-01-09','2022-01-18',1135,1167),
  (1168,'2021-07-19',11,'true','2022-05-19','2022-05-30',1194,1168),
  (1169,'2021-04-21',1,'true','2022-01-24','2022-01-25',1157,1169),
  (1170,'2021-08-25',4,'true','2022-02-21','2022-02-25',1146,1170);
INSERT INTO Reservation(ReservationId, ReservationDate, DaysReserved, ReturnToOrigin, StartDate, EndDate, CustomerId, CarId)
VALUES
  (1171,'2021-09-15',17,'true','2022-01-13','2022-01-30',1155,1171),
  (1172,'2021-01-25',13,'true','2022-02-10','2022-02-23',1209,1172),
  (1173,'2021-03-30',3,'true','2022-03-27','2022-03-30',1135,1173),
  (1174,'2021-09-27',25,'true','2022-04-02','2022-04-27',1167,1174),
  (1175,'2021-02-15',6,'true','2022-05-17','2022-05-23',1209,1175),
  (1176,'2021-10-29',8,'true','2022-06-19','2022-06-27',1144,1176),
  (1177,'2021-04-06',7,'true','2022-07-23','2022-07-30',1112,1177),
  (1178,'2021-02-20',10,'true','2022-08-03','2022-08-13',1202,1178),
  (1179,'2021-07-29',6,'true','2022-09-07','2022-09-13',1142,1179),
  (1180,'2021-01-12',3,'true','2022-10-28','2022-10-31',1206,1180);
INSERT INTO Reservation(ReservationId, ReservationDate, DaysReserved, ReturnToOrigin, StartDate, EndDate, CustomerId, CarId)
VALUES
  (1181,'2021-06-30',4,'true','2022-01-26','2022-01-30',1132,1181),
  (1182,'2021-02-10',7,'true','2022-02-20','2022-02-27',1199,1182),
  (1183,'2021-01-06',21,'true','2022-03-08','2022-03-29',1141,1183),
  (1184,'2021-04-20',3,'true','2022-04-09','2022-04-12',1206,1184),
  (1185,'2022-07-13',6,'true','2022-05-12','2022-05-18',1132,1185),
  (1186,'2021-05-20',1,'true','2022-06-14','2022-06-15',1180,1186),
  (1187,'2021-09-22',6,'true','2022-07-16','2022-07-22',1175,1187),
  (1188,'2021-07-03',7,'true','2022-08-23','2022-08-30',1165,1188),
  (1189,'2022-01-17',5,'true','2022-09-25','2022-09-30',1115,1189),
  (1190,'2021-01-08',5,'true','2022-10-13','2022-10-18',1119,1190);
INSERT INTO Reservation(ReservationId, ReservationDate, DaysReserved, ReturnToOrigin, StartDate, EndDate, CustomerId, CarId)
VALUES
  (1191,'2021-04-07',16,'true','2022-01-09','2022-01-25',1206,1191),
  (1192,'2021-07-24',6,'true','2022-02-11','2022-02-17',1153,1192),
  (1193,'2021-09-22',2,'true','2022-03-11','2022-03-13',1180,1193),
  (1194,'2021-03-24',15,'true','2022-04-07','2022-04-22',1178,1194),
  (1195,'2021-08-12',7,'true','2022-05-19','2022-05-26',1189,1195),
  (1196,'2021-09-06',5,'true','2022-06-11','2022-06-16',1151,1196),
  (1197,'2021-08-20',2,'true','2022-07-15','2022-07-17',1209,1197),
  (1198,'2021-06-07',5,'true','2022-08-24','2022-08-29',1188,1198),
  (1199,'2021-01-15',10,'true','2022-09-06','2022-09-16',1177,1199),
  (1200,'2021-05-03',2,'true','2022-10-17','2022-10-19',1120,1200);
INSERT INTO Reservation(ReservationId, ReservationDate, DaysReserved, ReturnToOrigin, StartDate, EndDate, CustomerId, CarId)
VALUES
  (1201,'2021-02-15',9,'true','2022-01-14','2022-01-23',1115,1201),
  (1202,'2021-06-06',7,'true','2022-02-02','2022-02-09',1112,1202),
  (1203,'2021-08-18',6,'true','2022-03-22','2022-03-28',1194,1203),
  (1204,'2021-07-05',6,'true','2022-04-24','2022-04-30',1144,1204),
  (1205,'2021-07-12',4,'true','2022-05-10','2022-05-14',1185,1205),
  (1206,'2021-11-26',6,'true','2022-06-22','2022-06-28',1148,1206),
  (1207,'2021-02-09',4,'true','2022-07-22','2022-07-26',1161,1207),
  (1208,'2021-11-14',3,'true','2022-08-11','2022-08-14',1200,1208),
  (1209,'2021-12-21',9,'true','2022-09-14','2022-09-23',1209,1209),
  (1210,'2021-01-25',3,'true','2022-10-05','2022-10-08',1155,1210);

INSERT INTO Payment(AccountId,CardType,CardNumber,ExpirationDate,CVV,Currency,CardHolderName,CustomerId)
VALUES
(1, 'Visa', '5048373472680409', '2024-06-25', '100', 'Peso', 'Greg Readmire', 1174),
(2, 'American Express', '5048373472680408', '2024-06-01', '101', 'Yuan Renminbi', 'Bertina Wofenden', 1191),
(3, 'American Express', '5048373472680410', '2026-12-28', '102', 'Zloty', 'Flin Frederick', 1186),
(4, 'Mastercard', '5108752735956910', '2026-05-24', '103', 'Real', 'Margie Robke', 1141),
(5, 'Mastercard', '5108756869798758', '2028-05-29', '104', 'Yuan Renminbi', 'Susanna Devo', 1179),
(6, 'Visa', '5108756869798758', '2024-06-18', 'Euro', '105', 'Teador McGrirl', 1148),
(7, 'Visa', '5108756869798759', '2024-12-12', 'Peso', '106', 'Winne Griffen', 1191),
(8, 'Mastercard', '5048370073728172', '2026-05-28', '107', 'Lek', 'Phelia McInnes', 1206),
(9, 'American Express', '5108756869798760', '2027-07-16', '108', 'Dollar', 'Shanna Courage', 1125),
(10, 'Visa', '5108756869798761', '2027-06-14', '109', 'Yuan Renminbi', 'Burtie Fend', 1161),
(11, 'Mastercard', '5108756869798762', '2028-06-04', '110', 'Krone', 'Rivkah Simoens', 1172),
(12, 'American Express', '5048371351898406', '2028-07-21', '111', 'Yuan Renminbi', 'Emilio Pikett', 1111),
(13, 'Visa', '5108756869798763', '2028-07-21', '112', 'Dollar', 'Jo Vaan', 1155),
(14, 'American Express', '5108756869798764', '2027-09-12', '113', 'Gourde', 'Odetta Ride', 1169),
(15, 'Mastercard', '5108756869798765', '2025-09-17', '114', 'Pound', 'Stanton Metherell', 1134),
(16, 'Visa', '5108756869798767', '2027-04-19', 'Euro', '115', 'Randi Spellacey', 1177),
(17, 'Mastercard', '5108756869798768', '2025-07-31', '116', 'Euro', 'Melesa Southers', 1162),
(18, 'Mastercard', '5108756869798769', '2028-05-24', '117', 'Euro', 'Janela Comford', 1137),
(19, 'Visa', '5048372784234342', '2025-01-06', '118', 'Yuan Renminbi', 'Ellette Largen', 1208),
(20, 'Mastercard', '5048372784234370', '2024-06-13', '119', 'Baht', 'Flossie Mundell', 1174),
(21, 'American Express', '5048372784234371', '2027-08-09', '120', 'Peso', 'Devlin Leonards', 1176),
(22, 'American Express', '5048372784234372', '2025-06-21', '121', 'Peso', 'Marty Waterhowse', 1144),
(23, 'Mastercard', '5048372784234374', '2027-03-06', '122', 'Yuan Renminbi', 'Waldemar Stobbes', 1193),
(24, 'Mastercard', '5048372784234375', '2026-04-25', '123', 'Shilling', 'Shawna Sirette', 1201),
(25, 'American Express', '5048374985032889', '2027-06-19', '124', 'Pound', 'Jodi Rooksby', 1132),
(26, 'Mastercard', '5048372784234377', '2025-05-08', '125', 'Ruble', 'Adara Points', 1167),
(27, 'Mastercard', '5048372784234378', '2025-09-20', '126', 'Som', 'Florry Baalham', 1122),
(28, 'Mastercard', '5048372784234379', '2029-08-20', '127', 'Sol', 'Merle McCaffery', 1202),
(29, 'Mastercard', '5108755820104072', '2026-01-12', '128', 'Euro', 'Hettie Caris', 1139),
(30, 'Visa', '5048372784234380', '2024-11-03', '129', 'Yuan Renminbi', 'Mag Letteresse', 1120),
(31, 'Visa', '5048372784234381', '2027-01-29', '130', 'Yuan Renminbi', 'Crystal Ellerey', 1201),
(32, 'American Express', '5048372784234382', '2026-06-15', '131', 'Rupiah', 'Bryna Ellicott', 1142),
(33, 'Visa', '3048372784234379', '2029-01-09', '132', 'Real', 'Allix Aikin', 1163),
(34, 'Mastercard', '5048373439264676', '2026-02-25', '133', 'Yuan Renminbi', 'Cullin Christley', 1134),
(35, 'Visa', '5048370874482821', '2025-06-21', '134', 'Euro', 'Quillan Ambrosch', 1145),
(36, 'Mastercard', '5048378139481504', '2026-09-07', '135', 'Peso', 'Melly Jouannisson', 1204),
(37, 'American Express', '2048372784234379', '2026-10-27', '136', 'Dollar', 'Billy Gruszka', 1182),
(38, 'Visa', '1048372784234379', '2028-08-29', '137', 'Euro', 'Pavla Morteo', 1197),
(39, 'Mastercard', '5108750140501289', '2025-05-26', '138', 'Peso', 'Horatius Brogiotti', 1163),
(40, 'Visa', '5048379192385780', '2027-09-14', '139', 'Naira', 'Danna Jeannel', 1157),
(41, 'American Express', '5048375515384195', '2026-09-05', '140', 'Rupiah', 'Joana Bernhardt', 1120),
(42, 'Mastercard', '5108755011809547', '2027-06-04', '141', 'Real', 'Koressa Crees', 1192),
(43, 'Visa', '5048372784234319', '2025-09-01', '142', 'Ruble', 'Helsa Aime', 1162),
(44, 'American Express', '5048372784234329', '2028-08-20', '143', 'Ruble', 'Ailis Govini', 1137),
(45, 'Mastercard', '5108759482468213', '2027-02-17', '144', 'Rupiah', 'Bobby Eouzan', 1179),
(46, 'Visa', '5048372784234309', '2027-05-06', '145', 'Rupiah', 'Ross Labrum', 1193),
(47, 'American Express', '6048372784234379', '2027-07-31', '146', 'Zloty', 'Saba Caulwell', 1116),
(48, 'Mastercard', '5108758122173936', '2029-08-25', '147', 'Ruble', 'Lilla Ballston', 1197),
(49, 'Mastercard', '7048372784234379', '2027-10-23', '148', 'Rupiah', 'Libby Rawlcliffe', 1135),
(50, 'Visa', '8048372784234379', '2028-10-22', '149', 'Euro', 'Art Alan', 1111),
(51, 'Mastercard', '9048372784234379', '2025-05-13', '150', 'Rupiah', 'Manon Pasquale', 1172),
(52, 'Visa', '5148372784234379', '2029-08-07', '151', 'Ruble', 'Kimmie Best', 1189),
(53, 'Mastercard','5248372784234379', '2027-03-17', '152', 'Sol', 'Cole D''Oyley', 1114),
(54, 'Visa', '5108750353886609', '2027-04-25', '153', 'Franc', 'Rafaellle Coppock.', 1193),
(55, 'Mastercard', '5048377193253262', '2026-11-21', '154', 'Yuan Renminbi', 'Base Tremelling', 1162),
(56, 'Visa', '5348372784234379', '2028-07-26', '155', 'Yuan Renminbi', 'Huntington Faunch', 1173),
(57, 'Mastercard', '5108752358925887', '2027-05-03', '156', 'Ruble', 'Myles Woolveridge', 1171),
(58, 'American Express', '5448372784234379', '2026-01-12', '157', 'Rupee', 'Cassy Noice', 1133),
(59, 'Mastercard', '5548372784234379', '2029-02-18', '158', 'Euro', 'Eddy Studdeard', 1166),
(60, 'Mastercard', '5108751117882017', '2025-07-01', '159', 'Rupiah', 'Corabelle Groomebridge', 1160),
(61, 'American Express', '5108753330287701', '2024-12-19', '160', 'Peso', 'Jordain Hartshorne', 1143),
(62, 'American Express', '5648372784234379', '2025-03-29', '161', 'Ruble', 'Buffy Gingle', 1186),
(63, 'Visa','5748372784234379', '2027-01-15', '162', 'Yuan Renminbi', 'Rollin Pont', 1117),
(64, 'Mastercard', '5848372784234379', '2029-08-22', '163', 'Yen', 'Elroy Dooly', 1201),
(65, 'Visa', '5048376092990354', '2028-07-26', '164', 'Peso', 'Jenelle Scarlan', 1207),
(66, 'Visa', '5948372784234379', '2027-09-06', '165', 'Yuan Renminbi', 'Dalis Sheerin', 1115),
(67, 'American Express', '2048372784234379', '2029-09-07', '166', 'Dollar', 'Carree Morot', 1179),
(68, 'Visa', '5048375751343954', '2025-11-06', '167', 'Euro', 'Adriaens Jotcham', 1168),
(69, 'Visa', '2148372784234379', '2026-05-02', '168', 'Dollar', 'Jerad Schouthede', 1181),
(70, 'Visa', '5048378279912458', '2027-07-04', '169', 'Peso', 'Alleyn Mandry', 1153),
(71, 'Mastercard', '2248372784234379', '2029-04-29', '170', 'Koruna', 'Glori Hulme', 1198),
(72, 'Visa', '2348372784234379', '2024-11-30', '171', 'Dram', 'Melosa Bremner', 1203),
(73, 'Mastercard', '2448372784234379', '2028-04-16', '172', 'Yuan Renminbi', 'Bethanne Anglin', 1154),
(74, 'American Express', '2548372784234379', '2026-03-28', '173', 'Krona', 'Katerine Fleischer', 1186),
(75, 'Mastercard', '5108757914780106', '2029-05-21', '174', 'Yuan Renminbi', 'Byrom Whiston', 1168),
(76, 'American Express', '2648372784234379', '2027-02-06', '175', 'Real', 'Dallas Marchetti', 1154),
(77, 'Mastercard', '2748372784234379', '2027-07-19', '176', 'Yuan Renminbi', 'Cleavland Stallon', 1121),
(78, 'Visa', '2848372784234379', '2029-08-20', '177', 'Euro', 'Gerta Lippard', 1198),
(79, 'Mastercard', '2948372784234379', '2026-02-06', '178', 'Dollar', 'Bathsheba Caudray', 1119),
(80, 'American Express', '4448372784234379', '2026-09-18', '179', 'Yuan Renminbi', 'Saleem Brabender', 1154),
(81, 'Visa', '5108756423284279', '2027-03-15', '180', 'Forint', 'Vin Antonioni', 1203),
(82, 'Mastercard', '5048375370744194', '2028-02-11', '181', 'Sol', 'Bob Brake', 1125),
(83, 'Mastercard', '4548372784234379', '2024-06-11', '182', 'Lek', 'Tobiah Penzer', 1125),
(84, 'American Express', '5108751212285363', '2026-09-27', '183', 'Rupiah', 'Phillipp Dutteridge', 1114),
(85, 'American Express', '5108751208231504', '2027-03-06', '184', 'Yuan Renminbi', 'Lyn Gaze', 1179),
(86, 'Visa', '5048375782774169', '2028-10-20', '185', 'Rupiah', 'Arleta Kelledy', 1150),
(87, 'Visa', '4648372784234379', '2026-09-24', '186', 'Peso', 'Thedric Demangeot', 1193),
(88, 'American Express', '4748372784234379', '2028-01-31', '187', 'Peso', 'Hayley Abercrombie', 1145),
(89, 'Mastercard', '4848372784234379', '2026-07-21', '188', 'Euro', 'Austin Dana', 1189),
(90, 'American Express', '5048379073423346', '2025-12-09', '189', 'Peso', 'Griffin Davis', 1175),
(91, 'Visa', '4948372784234379', '2026-03-31', '190', 'Krona', 'Ilise McTurley', 1207),
(92, 'Visa', '7748372784234379', '2026-05-26', '191', 'Krona', 'Marilyn Bathurst', 1188),
(93, 'Mastercard', '5108756208052347', '2027-02-04', '192', 'Yuan Renminbi', 'Artie McCarry', 1208),
(94, 'American Express', '7248372784234379', '2025-04-12', '193', 'Quetzal', 'Stearne Litherborough', 1129),
(95, 'Mastercard', '7348372784234379', '2028-10-18', '194', 'Yuan Renminbi', 'Jacintha Jeffray', 1138),
(96, 'Mastercard', '5108751342566716', '2026-09-06', '195', 'Yuan Renminbi', 'Elyn Bardwall', 1169),
(97, 'Visa', '5108751068904620', '2028-10-28', '196', 'Peso', 'Alden Torrisi', 1175),
(98, 'Mastercard', '7448372784234379', '2029-09-03', '197', 'Baht', 'Dreddy Medhurst', 1141),
(99, 'American Express', '7548372784234379', '2029-03-06', '198', 'Peso', 'Lorie Delf', 1140),
(100, 'Visa', '5048378094972794', '2029-06-22', '199', 'Peso', 'Derick Odda', 1130);



